[{"tracname":"Sonalika Tiger 55","tracdescr":"The best tractor according to me till Jan 2022","tracimg":"https://www.tractorjunction.com/assets/images/upload/upload-1631530365-0.jpg","tracurl":"https://www.google.com/imgres?imgurl=https%3A%2F%2Fwww.tractorjunction.com%2Fassets%2Fimages%2Fupload%2Fupload-1631530365-0.jpg&imgrefurl=https%3A%2F%2Fwww.tractorjunction.com%2Fsonalika-tractor%2Fdi-55-tiger%2F&tbnid=EsOtHv3_BvpF2M&vet=12ahUKEwiY-MO-yt_7AhVUitgFHT2pDwAQMygAegUIARC3AQ..i&docid=xr2r7Hq5SW5fhM&w=700&h=474&q=Sonalika%20Tiger%2055&ved=2ahUKEwiY-MO-yt_7AhVUitgFHT2pDwAQMygAegUIARC3AQ","id":"2132243e-86eb-48a0-8758-2db829b82a96"},{"tracname":"Mahindra Jivo","tracdescr":"This is very powerful tractor at present time at the best budget.","tracimg":"https://www.mahindratractor.com/assets/newhomeimages/mahindrajivo.png","tracurl":"https://www.tractorjunction.com/mahindra-tractor/jivo/","id":"7a05f807-a341-4017-9e30-e890731a3b41"}]